# Job,Month,RedTimeDays,AverageBuildTimeMinutes,JobUrl
angry-omnibus-toolchain-build,2016-06,26.27,0.00,http://manhattan.ci.chef.co/job/angry-omnibus-toolchain-build/
angry-omnibus-toolchain-build,2016-07,28.11,0.00,http://manhattan.ci.chef.co/job/angry-omnibus-toolchain-build/
angry-omnibus-toolchain-trigger-ad_hoc,2015-12,7.75,75.63,http://manhattan.ci.chef.co/job/angry-omnibus-toolchain-trigger-ad_hoc/
angry-omnibus-toolchain-trigger-ad_hoc,2016-01,14.98,115.30,http://manhattan.ci.chef.co/job/angry-omnibus-toolchain-trigger-ad_hoc/
angry-omnibus-toolchain-trigger-ad_hoc,2016-02,20.08,50.18,http://manhattan.ci.chef.co/job/angry-omnibus-toolchain-trigger-ad_hoc/
angry-omnibus-toolchain-trigger-ad_hoc,2016-03,30.00,0.00,http://manhattan.ci.chef.co/job/angry-omnibus-toolchain-trigger-ad_hoc/
angry-omnibus-toolchain-trigger-ad_hoc,2016-04,13.87,65.93,http://manhattan.ci.chef.co/job/angry-omnibus-toolchain-trigger-ad_hoc/
angry-omnibus-toolchain-trigger-ad_hoc,2016-05,0.00,0.00,http://manhattan.ci.chef.co/job/angry-omnibus-toolchain-trigger-ad_hoc/
angry-omnibus-toolchain-trigger-ad_hoc,2016-06,12.09,57.13,http://manhattan.ci.chef.co/job/angry-omnibus-toolchain-trigger-ad_hoc/
angry-omnibus-toolchain-trigger-ad_hoc,2016-07,0.00,0.00,http://manhattan.ci.chef.co/job/angry-omnibus-toolchain-trigger-ad_hoc/
angry-omnibus-toolchain-trigger-git_poll,2015-12,0.05,64.28,http://manhattan.ci.chef.co/job/angry-omnibus-toolchain-trigger-git_poll/
angry-omnibus-toolchain-trigger-git_poll,2016-01,0.00,0.00,http://manhattan.ci.chef.co/job/angry-omnibus-toolchain-trigger-git_poll/
angry-omnibus-toolchain-trigger-git_poll,2016-02,0.25,65.42,http://manhattan.ci.chef.co/job/angry-omnibus-toolchain-trigger-git_poll/
angry-omnibus-toolchain-trigger-git_poll,2016-03,0.00,0.00,http://manhattan.ci.chef.co/job/angry-omnibus-toolchain-trigger-git_poll/
angry-omnibus-toolchain-trigger-git_poll,2016-04,15.07,61.79,http://manhattan.ci.chef.co/job/angry-omnibus-toolchain-trigger-git_poll/
angry-omnibus-toolchain-trigger-git_poll,2016-05,30.00,0.00,http://manhattan.ci.chef.co/job/angry-omnibus-toolchain-trigger-git_poll/
angry-omnibus-toolchain-trigger-git_poll,2016-06,0.74,77.14,http://manhattan.ci.chef.co/job/angry-omnibus-toolchain-trigger-git_poll/
angry-omnibus-toolchain-trigger-git_poll,2016-07,0.00,0.00,http://manhattan.ci.chef.co/job/angry-omnibus-toolchain-trigger-git_poll/
angry-omnibus-toolchain-trigger-release,2015-12,1.91,48.16,http://manhattan.ci.chef.co/job/angry-omnibus-toolchain-trigger-release/
angry-omnibus-toolchain-trigger-release,2016-01,0.00,0.00,http://manhattan.ci.chef.co/job/angry-omnibus-toolchain-trigger-release/
angry-omnibus-toolchain-trigger-release,2016-02,0.00,62.04,http://manhattan.ci.chef.co/job/angry-omnibus-toolchain-trigger-release/
angry-omnibus-toolchain-trigger-release,2016-03,0.00,0.00,http://manhattan.ci.chef.co/job/angry-omnibus-toolchain-trigger-release/
angry-omnibus-toolchain-trigger-release,2016-04,0.03,14.32,http://manhattan.ci.chef.co/job/angry-omnibus-toolchain-trigger-release/
angry-omnibus-toolchain-trigger-release,2016-05,0.00,0.00,http://manhattan.ci.chef.co/job/angry-omnibus-toolchain-trigger-release/
angry-omnibus-toolchain-trigger-release,2016-06,0.09,48.57,http://manhattan.ci.chef.co/job/angry-omnibus-toolchain-trigger-release/
angry-omnibus-toolchain-trigger-release,2016-07,0.00,0.00,http://manhattan.ci.chef.co/job/angry-omnibus-toolchain-trigger-release/
angrychef-trigger-ad_hoc,2015-12,1.24,63.22,http://manhattan.ci.chef.co/job/angrychef-trigger-ad_hoc/
angrychef-trigger-ad_hoc,2016-01,1.22,85.38,http://manhattan.ci.chef.co/job/angrychef-trigger-ad_hoc/
angrychef-trigger-ad_hoc,2016-02,0.00,0.00,http://manhattan.ci.chef.co/job/angrychef-trigger-ad_hoc/
angrychef-trigger-ad_hoc,2016-03,8.67,228.32,http://manhattan.ci.chef.co/job/angrychef-trigger-ad_hoc/
angrychef-trigger-ad_hoc,2016-04,25.07,0.00,http://manhattan.ci.chef.co/job/angrychef-trigger-ad_hoc/
angrychef-trigger-ad_hoc,2016-05,9.78,98.33,http://manhattan.ci.chef.co/job/angrychef-trigger-ad_hoc/
angrychef-trigger-ad_hoc,2016-06,26.31,0.00,http://manhattan.ci.chef.co/job/angrychef-trigger-ad_hoc/
angrychef-trigger-ad_hoc,2016-07,24.97,95.52,http://manhattan.ci.chef.co/job/angrychef-trigger-ad_hoc/
angrychef-trigger-release,2016-01,0.05,67.48,http://manhattan.ci.chef.co/job/angrychef-trigger-release/
angrychef-trigger-release,2016-02,0.00,0.00,http://manhattan.ci.chef.co/job/angrychef-trigger-release/
angrychef-trigger-release,2016-03,0.00,0.00,http://manhattan.ci.chef.co/job/angrychef-trigger-release/
angrychef-trigger-release,2016-04,0.00,135.98,http://manhattan.ci.chef.co/job/angrychef-trigger-release/
angrychef-trigger-release,2016-05,13.20,132.07,http://manhattan.ci.chef.co/job/angrychef-trigger-release/
angrychef-trigger-release,2016-06,29.00,0.00,http://manhattan.ci.chef.co/job/angrychef-trigger-release/
angrychef-trigger-release,2016-07,28.11,0.00,http://manhattan.ci.chef.co/job/angrychef-trigger-release/
chef-11-trigger-ad_hoc,2015-12,19.27,0.00,http://manhattan.ci.chef.co/job/chef-11-trigger-ad_hoc/
chef-11-trigger-ad_hoc,2016-01,30.00,0.00,http://manhattan.ci.chef.co/job/chef-11-trigger-ad_hoc/
chef-11-trigger-ad_hoc,2016-02,28.00,0.00,http://manhattan.ci.chef.co/job/chef-11-trigger-ad_hoc/
chef-11-trigger-ad_hoc,2016-03,30.00,0.00,http://manhattan.ci.chef.co/job/chef-11-trigger-ad_hoc/
chef-11-trigger-ad_hoc,2016-04,29.00,0.00,http://manhattan.ci.chef.co/job/chef-11-trigger-ad_hoc/
chef-11-trigger-ad_hoc,2016-05,30.00,0.00,http://manhattan.ci.chef.co/job/chef-11-trigger-ad_hoc/
chef-11-trigger-ad_hoc,2016-06,29.00,0.00,http://manhattan.ci.chef.co/job/chef-11-trigger-ad_hoc/
chef-11-trigger-ad_hoc,2016-07,28.11,0.00,http://manhattan.ci.chef.co/job/chef-11-trigger-ad_hoc/
chef-trigger-ad_hoc,2016-05,11.22,140.64,http://manhattan.ci.chef.co/job/chef-trigger-ad_hoc/
chef-trigger-ad_hoc,2016-06,24.85,83.43,http://manhattan.ci.chef.co/job/chef-trigger-ad_hoc/
chef-trigger-ad_hoc,2016-07,18.06,153.68,http://manhattan.ci.chef.co/job/chef-trigger-ad_hoc/
chef-trigger-release,2016-05,0.44,149.02,http://manhattan.ci.chef.co/job/chef-trigger-release/
chef-trigger-release,2016-06,15.26,180.82,http://manhattan.ci.chef.co/job/chef-trigger-release/
chef-trigger-release,2016-07,18.56,115.40,http://manhattan.ci.chef.co/job/chef-trigger-release/
chefdk-build,2016-03,5.05,73.98,http://manhattan.ci.chef.co/job/chefdk-build/
chefdk-build,2016-04,0.00,49.43,http://manhattan.ci.chef.co/job/chefdk-build/
chefdk-build,2016-05,14.43,0.00,http://manhattan.ci.chef.co/job/chefdk-build/
chefdk-build,2016-06,29.00,0.00,http://manhattan.ci.chef.co/job/chefdk-build/
chefdk-build,2016-07,28.11,0.00,http://manhattan.ci.chef.co/job/chefdk-build/
chefdk-test,2016-03,22.86,0.00,http://manhattan.ci.chef.co/job/chefdk-test/
chefdk-test,2016-04,29.00,0.00,http://manhattan.ci.chef.co/job/chefdk-test/
chefdk-test,2016-05,30.00,0.00,http://manhattan.ci.chef.co/job/chefdk-test/
chefdk-test,2016-06,29.00,0.00,http://manhattan.ci.chef.co/job/chefdk-test/
chefdk-test,2016-07,28.11,0.00,http://manhattan.ci.chef.co/job/chefdk-test/
chefdk-trigger-ad_hoc,2016-03,17.04,225.24,http://manhattan.ci.chef.co/job/chefdk-trigger-ad_hoc/
chefdk-trigger-ad_hoc,2016-04,23.85,115.58,http://manhattan.ci.chef.co/job/chefdk-trigger-ad_hoc/
chefdk-trigger-ad_hoc,2016-05,17.04,121.46,http://manhattan.ci.chef.co/job/chefdk-trigger-ad_hoc/
chefdk-trigger-ad_hoc,2016-06,17.98,185.91,http://manhattan.ci.chef.co/job/chefdk-trigger-ad_hoc/
chefdk-trigger-ad_hoc,2016-07,15.12,118.78,http://manhattan.ci.chef.co/job/chefdk-trigger-ad_hoc/
chefdk-trigger-release,2016-03,10.51,135.89,http://manhattan.ci.chef.co/job/chefdk-trigger-release/
chefdk-trigger-release,2016-04,12.96,137.76,http://manhattan.ci.chef.co/job/chefdk-trigger-release/
chefdk-trigger-release,2016-05,20.14,84.78,http://manhattan.ci.chef.co/job/chefdk-trigger-release/
chefdk-trigger-release,2016-06,13.22,106.59,http://manhattan.ci.chef.co/job/chefdk-trigger-release/
chefdk-trigger-release,2016-07,4.48,109.19,http://manhattan.ci.chef.co/job/chefdk-trigger-release/
harmony-trigger-ad_hoc,2015-12,18.81,7.91,http://manhattan.ci.chef.co/job/harmony-trigger-ad_hoc/
harmony-trigger-ad_hoc,2016-01,26.58,9.42,http://manhattan.ci.chef.co/job/harmony-trigger-ad_hoc/
harmony-trigger-ad_hoc,2016-02,0.45,7.93,http://manhattan.ci.chef.co/job/harmony-trigger-ad_hoc/
harmony-trigger-ad_hoc,2016-03,29.10,9.58,http://manhattan.ci.chef.co/job/harmony-trigger-ad_hoc/
harmony-trigger-ad_hoc,2016-04,27.68,9.12,http://manhattan.ci.chef.co/job/harmony-trigger-ad_hoc/
harmony-trigger-ad_hoc,2016-05,12.33,13.16,http://manhattan.ci.chef.co/job/harmony-trigger-ad_hoc/
harmony-trigger-ad_hoc,2016-06,29.00,0.00,http://manhattan.ci.chef.co/job/harmony-trigger-ad_hoc/
harmony-trigger-ad_hoc,2016-07,28.11,0.00,http://manhattan.ci.chef.co/job/harmony-trigger-ad_hoc/
harmony-trigger-git_poll,2015-12,14.21,7.39,http://manhattan.ci.chef.co/job/harmony-trigger-git_poll/
harmony-trigger-git_poll,2016-01,4.01,21.13,http://manhattan.ci.chef.co/job/harmony-trigger-git_poll/
harmony-trigger-git_poll,2016-02,0.00,0.00,http://manhattan.ci.chef.co/job/harmony-trigger-git_poll/
harmony-trigger-git_poll,2016-03,0.00,0.00,http://manhattan.ci.chef.co/job/harmony-trigger-git_poll/
harmony-trigger-git_poll,2016-04,0.34,0.00,http://manhattan.ci.chef.co/job/harmony-trigger-git_poll/
harmony-trigger-git_poll,2016-05,12.09,24.05,http://manhattan.ci.chef.co/job/harmony-trigger-git_poll/
harmony-trigger-git_poll,2016-06,0.00,0.00,http://manhattan.ci.chef.co/job/harmony-trigger-git_poll/
harmony-trigger-git_poll,2016-07,0.00,44.73,http://manhattan.ci.chef.co/job/harmony-trigger-git_poll/
harmony-trigger-nightly-master,2015-12,15.92,94.20,http://manhattan.ci.chef.co/job/harmony-trigger-nightly-master/
harmony-trigger-nightly-master,2016-01,8.23,9.29,http://manhattan.ci.chef.co/job/harmony-trigger-nightly-master/
harmony-trigger-nightly-master,2016-02,1.01,42.25,http://manhattan.ci.chef.co/job/harmony-trigger-nightly-master/
harmony-trigger-nightly-master,2016-03,5.01,51.73,http://manhattan.ci.chef.co/job/harmony-trigger-nightly-master/
harmony-trigger-nightly-master,2016-04,8.89,42.05,http://manhattan.ci.chef.co/job/harmony-trigger-nightly-master/
harmony-trigger-nightly-master,2016-05,6.00,52.05,http://manhattan.ci.chef.co/job/harmony-trigger-nightly-master/
harmony-trigger-nightly-master,2016-06,12.16,122.10,http://manhattan.ci.chef.co/job/harmony-trigger-nightly-master/
harmony-trigger-nightly-master,2016-07,11.39,192.93,http://manhattan.ci.chef.co/job/harmony-trigger-nightly-master/
omnibus-toolchain-trigger-ad_hoc,2016-02,1.25,98.97,http://manhattan.ci.chef.co/job/omnibus-toolchain-trigger-ad_hoc/
omnibus-toolchain-trigger-ad_hoc,2016-03,0.00,0.00,http://manhattan.ci.chef.co/job/omnibus-toolchain-trigger-ad_hoc/
omnibus-toolchain-trigger-ad_hoc,2016-04,0.00,0.00,http://manhattan.ci.chef.co/job/omnibus-toolchain-trigger-ad_hoc/
omnibus-toolchain-trigger-ad_hoc,2016-05,0.00,85.57,http://manhattan.ci.chef.co/job/omnibus-toolchain-trigger-ad_hoc/
omnibus-toolchain-trigger-ad_hoc,2016-06,23.23,0.00,http://manhattan.ci.chef.co/job/omnibus-toolchain-trigger-ad_hoc/
omnibus-toolchain-trigger-ad_hoc,2016-07,28.11,0.00,http://manhattan.ci.chef.co/job/omnibus-toolchain-trigger-ad_hoc/
omnibus-toolchain-trigger-git_poll,2015-12,1.87,174.95,http://manhattan.ci.chef.co/job/omnibus-toolchain-trigger-git_poll/
omnibus-toolchain-trigger-git_poll,2016-01,0.00,0.00,http://manhattan.ci.chef.co/job/omnibus-toolchain-trigger-git_poll/
omnibus-toolchain-trigger-git_poll,2016-02,0.46,99.65,http://manhattan.ci.chef.co/job/omnibus-toolchain-trigger-git_poll/
omnibus-toolchain-trigger-git_poll,2016-03,0.00,0.00,http://manhattan.ci.chef.co/job/omnibus-toolchain-trigger-git_poll/
omnibus-toolchain-trigger-git_poll,2016-04,15.07,77.33,http://manhattan.ci.chef.co/job/omnibus-toolchain-trigger-git_poll/
omnibus-toolchain-trigger-git_poll,2016-05,30.00,0.00,http://manhattan.ci.chef.co/job/omnibus-toolchain-trigger-git_poll/
omnibus-toolchain-trigger-git_poll,2016-06,16.85,451.30,http://manhattan.ci.chef.co/job/omnibus-toolchain-trigger-git_poll/
omnibus-toolchain-trigger-git_poll,2016-07,28.11,0.00,http://manhattan.ci.chef.co/job/omnibus-toolchain-trigger-git_poll/
omnibus-toolchain-trigger-release,2015-12,0.12,19.28,http://manhattan.ci.chef.co/job/omnibus-toolchain-trigger-release/
omnibus-toolchain-trigger-release,2016-01,0.00,0.00,http://manhattan.ci.chef.co/job/omnibus-toolchain-trigger-release/
omnibus-toolchain-trigger-release,2016-02,0.13,104.32,http://manhattan.ci.chef.co/job/omnibus-toolchain-trigger-release/
omnibus-toolchain-trigger-release,2016-03,0.00,0.00,http://manhattan.ci.chef.co/job/omnibus-toolchain-trigger-release/
omnibus-toolchain-trigger-release,2016-04,0.05,59.43,http://manhattan.ci.chef.co/job/omnibus-toolchain-trigger-release/
omnibus-toolchain-trigger-release,2016-05,0.00,0.00,http://manhattan.ci.chef.co/job/omnibus-toolchain-trigger-release/
omnibus-toolchain-trigger-release,2016-06,0.04,119.92,http://manhattan.ci.chef.co/job/omnibus-toolchain-trigger-release/
omnibus-toolchain-trigger-release,2016-07,0.00,0.00,http://manhattan.ci.chef.co/job/omnibus-toolchain-trigger-release/
push-jobs-client-trigger-ad_hoc,2016-01,18.29,0.00,http://manhattan.ci.chef.co/job/push-jobs-client-trigger-ad_hoc/
push-jobs-client-trigger-ad_hoc,2016-02,24.91,45.04,http://manhattan.ci.chef.co/job/push-jobs-client-trigger-ad_hoc/
push-jobs-client-trigger-ad_hoc,2016-03,0.00,106.23,http://manhattan.ci.chef.co/job/push-jobs-client-trigger-ad_hoc/
push-jobs-client-trigger-ad_hoc,2016-04,12.95,89.35,http://manhattan.ci.chef.co/job/push-jobs-client-trigger-ad_hoc/
push-jobs-client-trigger-ad_hoc,2016-05,0.86,51.30,http://manhattan.ci.chef.co/job/push-jobs-client-trigger-ad_hoc/
push-jobs-client-trigger-ad_hoc,2016-06,0.00,0.00,http://manhattan.ci.chef.co/job/push-jobs-client-trigger-ad_hoc/
push-jobs-client-trigger-ad_hoc,2016-07,0.00,70.97,http://manhattan.ci.chef.co/job/push-jobs-client-trigger-ad_hoc/
push-jobs-client-trigger-git_poll,2015-12,15.90,0.00,http://manhattan.ci.chef.co/job/push-jobs-client-trigger-git_poll/
push-jobs-client-trigger-git_poll,2016-01,30.00,0.00,http://manhattan.ci.chef.co/job/push-jobs-client-trigger-git_poll/
push-jobs-client-trigger-git_poll,2016-02,25.86,41.97,http://manhattan.ci.chef.co/job/push-jobs-client-trigger-git_poll/
push-jobs-client-trigger-git_poll,2016-03,0.00,0.00,http://manhattan.ci.chef.co/job/push-jobs-client-trigger-git_poll/
push-jobs-client-trigger-git_poll,2016-04,0.35,85.43,http://manhattan.ci.chef.co/job/push-jobs-client-trigger-git_poll/
push-jobs-client-trigger-git_poll,2016-05,0.00,60.65,http://manhattan.ci.chef.co/job/push-jobs-client-trigger-git_poll/
push-jobs-client-trigger-git_poll,2016-06,0.00,0.00,http://manhattan.ci.chef.co/job/push-jobs-client-trigger-git_poll/
push-jobs-client-trigger-git_poll,2016-07,0.00,8.39,http://manhattan.ci.chef.co/job/push-jobs-client-trigger-git_poll/
push-jobs-client-trigger-nightly-master,2016-04,2.67,-109351.65,http://manhattan.ci.chef.co/job/push-jobs-client-trigger-nightly-master/
push-jobs-client-trigger-nightly-master,2016-05,9.02,69.25,http://manhattan.ci.chef.co/job/push-jobs-client-trigger-nightly-master/
push-jobs-client-trigger-nightly-master,2016-06,11.66,48.37,http://manhattan.ci.chef.co/job/push-jobs-client-trigger-nightly-master/
push-jobs-client-trigger-nightly-master,2016-07,19.37,330.16,http://manhattan.ci.chef.co/job/push-jobs-client-trigger-nightly-master/
push-jobs-client-trigger-release,2016-02,4.10,0.00,http://manhattan.ci.chef.co/job/push-jobs-client-trigger-release/
push-jobs-client-trigger-release,2016-03,30.00,0.00,http://manhattan.ci.chef.co/job/push-jobs-client-trigger-release/
push-jobs-client-trigger-release,2016-04,29.00,0.00,http://manhattan.ci.chef.co/job/push-jobs-client-trigger-release/
push-jobs-client-trigger-release,2016-05,16.80,10.28,http://manhattan.ci.chef.co/job/push-jobs-client-trigger-release/
push-jobs-client-trigger-release,2016-06,0.00,0.00,http://manhattan.ci.chef.co/job/push-jobs-client-trigger-release/
push-jobs-client-trigger-release,2016-07,0.00,0.00,http://manhattan.ci.chef.co/job/push-jobs-client-trigger-release/
chef-analytics-build,2016-05,4.05,0.00,http://wilson.ci.chef.co/job/chef-analytics-build/
chef-analytics-build,2016-06,29.00,0.00,http://wilson.ci.chef.co/job/chef-analytics-build/
chef-analytics-build,2016-07,28.11,0.00,http://wilson.ci.chef.co/job/chef-analytics-build/
chef-analytics-trigger-ad_hoc,2015-12,0.14,47.10,http://wilson.ci.chef.co/job/chef-analytics-trigger-ad_hoc/
chef-analytics-trigger-ad_hoc,2016-01,1.22,91.86,http://wilson.ci.chef.co/job/chef-analytics-trigger-ad_hoc/
chef-analytics-trigger-ad_hoc,2016-02,14.38,68.75,http://wilson.ci.chef.co/job/chef-analytics-trigger-ad_hoc/
chef-analytics-trigger-ad_hoc,2016-03,7.93,79.67,http://wilson.ci.chef.co/job/chef-analytics-trigger-ad_hoc/
chef-analytics-trigger-ad_hoc,2016-04,14.77,68.73,http://wilson.ci.chef.co/job/chef-analytics-trigger-ad_hoc/
chef-analytics-trigger-ad_hoc,2016-05,7.05,67.92,http://wilson.ci.chef.co/job/chef-analytics-trigger-ad_hoc/
chef-analytics-trigger-ad_hoc,2016-06,13.18,80.76,http://wilson.ci.chef.co/job/chef-analytics-trigger-ad_hoc/
chef-analytics-trigger-ad_hoc,2016-07,0.00,0.00,http://wilson.ci.chef.co/job/chef-analytics-trigger-ad_hoc/
chef-analytics-trigger-git_poll,2015-12,9.28,69.33,http://wilson.ci.chef.co/job/chef-analytics-trigger-git_poll/
chef-analytics-trigger-git_poll,2016-01,27.33,82.62,http://wilson.ci.chef.co/job/chef-analytics-trigger-git_poll/
chef-analytics-trigger-git_poll,2016-02,4.99,64.37,http://wilson.ci.chef.co/job/chef-analytics-trigger-git_poll/
chef-analytics-trigger-git_poll,2016-03,20.92,70.37,http://wilson.ci.chef.co/job/chef-analytics-trigger-git_poll/
chef-analytics-trigger-git_poll,2016-04,6.79,100.68,http://wilson.ci.chef.co/job/chef-analytics-trigger-git_poll/
chef-analytics-trigger-git_poll,2016-05,0.00,59.97,http://wilson.ci.chef.co/job/chef-analytics-trigger-git_poll/
chef-analytics-trigger-git_poll,2016-06,20.96,60.96,http://wilson.ci.chef.co/job/chef-analytics-trigger-git_poll/
chef-analytics-trigger-git_poll,2016-07,0.00,94.88,http://wilson.ci.chef.co/job/chef-analytics-trigger-git_poll/
chef-analytics-trigger-nightly-master,2015-12,8.58,54.63,http://wilson.ci.chef.co/job/chef-analytics-trigger-nightly-master/
chef-analytics-trigger-nightly-master,2016-01,27.45,95.62,http://wilson.ci.chef.co/job/chef-analytics-trigger-nightly-master/
chef-analytics-trigger-nightly-master,2016-02,7.06,98.40,http://wilson.ci.chef.co/job/chef-analytics-trigger-nightly-master/
chef-analytics-trigger-nightly-master,2016-03,19.52,125.17,http://wilson.ci.chef.co/job/chef-analytics-trigger-nightly-master/
chef-analytics-trigger-nightly-master,2016-04,21.09,130.50,http://wilson.ci.chef.co/job/chef-analytics-trigger-nightly-master/
chef-analytics-trigger-nightly-master,2016-05,27.10,132.06,http://wilson.ci.chef.co/job/chef-analytics-trigger-nightly-master/
chef-analytics-trigger-nightly-master,2016-06,17.05,132.14,http://wilson.ci.chef.co/job/chef-analytics-trigger-nightly-master/
chef-analytics-trigger-nightly-master,2016-07,18.57,170.93,http://wilson.ci.chef.co/job/chef-analytics-trigger-nightly-master/
chef-analytics-trigger-release,2015-12,0.00,71.95,http://wilson.ci.chef.co/job/chef-analytics-trigger-release/
chef-analytics-trigger-release,2016-01,0.00,58.93,http://wilson.ci.chef.co/job/chef-analytics-trigger-release/
chef-analytics-trigger-release,2016-02,0.00,54.82,http://wilson.ci.chef.co/job/chef-analytics-trigger-release/
chef-analytics-trigger-release,2016-03,0.00,0.00,http://wilson.ci.chef.co/job/chef-analytics-trigger-release/
chef-analytics-trigger-release,2016-04,3.75,84.53,http://wilson.ci.chef.co/job/chef-analytics-trigger-release/
chef-analytics-trigger-release,2016-05,0.00,0.00,http://wilson.ci.chef.co/job/chef-analytics-trigger-release/
chef-analytics-trigger-release,2016-06,0.00,0.00,http://wilson.ci.chef.co/job/chef-analytics-trigger-release/
chef-analytics-trigger-release,2016-07,0.00,101.95,http://wilson.ci.chef.co/job/chef-analytics-trigger-release/
chef-backend-build,2016-05,0.04,29.24,http://wilson.ci.chef.co/job/chef-backend-build/
chef-backend-build,2016-06,0.13,22.06,http://wilson.ci.chef.co/job/chef-backend-build/
chef-backend-build,2016-07,0.69,35.71,http://wilson.ci.chef.co/job/chef-backend-build/
chef-backend-test,2016-05,4.17,21.82,http://wilson.ci.chef.co/job/chef-backend-test/
chef-backend-test,2016-06,0.58,22.69,http://wilson.ci.chef.co/job/chef-backend-test/
chef-backend-test,2016-07,0.84,25.23,http://wilson.ci.chef.co/job/chef-backend-test/
chef-backend-trigger-ad_hoc,2016-01,1.59,79.21,http://wilson.ci.chef.co/job/chef-backend-trigger-ad_hoc/
chef-backend-trigger-ad_hoc,2016-02,0.27,97.20,http://wilson.ci.chef.co/job/chef-backend-trigger-ad_hoc/
chef-backend-trigger-ad_hoc,2016-03,7.08,97.32,http://wilson.ci.chef.co/job/chef-backend-trigger-ad_hoc/
chef-backend-trigger-ad_hoc,2016-04,5.32,44.55,http://wilson.ci.chef.co/job/chef-backend-trigger-ad_hoc/
chef-backend-trigger-ad_hoc,2016-05,0.00,41.25,http://wilson.ci.chef.co/job/chef-backend-trigger-ad_hoc/
chef-backend-trigger-ad_hoc,2016-06,0.00,0.00,http://wilson.ci.chef.co/job/chef-backend-trigger-ad_hoc/
chef-backend-trigger-ad_hoc,2016-07,0.00,0.00,http://wilson.ci.chef.co/job/chef-backend-trigger-ad_hoc/
chef-backend-trigger-git_poll,2015-12,6.74,50.95,http://wilson.ci.chef.co/job/chef-backend-trigger-git_poll/
chef-backend-trigger-git_poll,2016-01,2.97,67.43,http://wilson.ci.chef.co/job/chef-backend-trigger-git_poll/
chef-backend-trigger-git_poll,2016-02,0.87,65.29,http://wilson.ci.chef.co/job/chef-backend-trigger-git_poll/
chef-backend-trigger-git_poll,2016-03,9.17,63.51,http://wilson.ci.chef.co/job/chef-backend-trigger-git_poll/
chef-backend-trigger-git_poll,2016-04,20.74,50.05,http://wilson.ci.chef.co/job/chef-backend-trigger-git_poll/
chef-backend-trigger-git_poll,2016-05,0.00,40.60,http://wilson.ci.chef.co/job/chef-backend-trigger-git_poll/
chef-backend-trigger-git_poll,2016-06,0.00,0.00,http://wilson.ci.chef.co/job/chef-backend-trigger-git_poll/
chef-backend-trigger-git_poll,2016-07,0.00,0.00,http://wilson.ci.chef.co/job/chef-backend-trigger-git_poll/
chef-backend-trigger-release,2016-02,0.00,40.82,http://wilson.ci.chef.co/job/chef-backend-trigger-release/
chef-backend-trigger-release,2016-03,0.00,59.63,http://wilson.ci.chef.co/job/chef-backend-trigger-release/
chef-backend-trigger-release,2016-04,0.00,40.86,http://wilson.ci.chef.co/job/chef-backend-trigger-release/
chef-backend-trigger-release,2016-05,0.00,0.00,http://wilson.ci.chef.co/job/chef-backend-trigger-release/
chef-backend-trigger-release,2016-06,0.00,0.00,http://wilson.ci.chef.co/job/chef-backend-trigger-release/
chef-backend-trigger-release,2016-07,0.00,0.00,http://wilson.ci.chef.co/job/chef-backend-trigger-release/
chef-compliance-build,2015-12,10.00,41.21,http://wilson.ci.chef.co/job/chef-compliance-build/
chef-compliance-build,2016-01,1.51,45.30,http://wilson.ci.chef.co/job/chef-compliance-build/
chef-compliance-build,2016-02,3.66,38.94,http://wilson.ci.chef.co/job/chef-compliance-build/
chef-compliance-build,2016-03,3.26,43.89,http://wilson.ci.chef.co/job/chef-compliance-build/
chef-compliance-build,2016-04,4.01,42.43,http://wilson.ci.chef.co/job/chef-compliance-build/
chef-compliance-build,2016-05,7.40,27.98,http://wilson.ci.chef.co/job/chef-compliance-build/
chef-compliance-build,2016-06,0.00,47.98,http://wilson.ci.chef.co/job/chef-compliance-build/
chef-compliance-build,2016-07,0.00,105.87,http://wilson.ci.chef.co/job/chef-compliance-build/
chef-compliance-test,2015-12,0.00,12.54,http://wilson.ci.chef.co/job/chef-compliance-test/
chef-compliance-test,2016-01,0.00,13.25,http://wilson.ci.chef.co/job/chef-compliance-test/
chef-compliance-test,2016-02,0.00,7.47,http://wilson.ci.chef.co/job/chef-compliance-test/
chef-compliance-test,2016-03,0.00,9.80,http://wilson.ci.chef.co/job/chef-compliance-test/
chef-compliance-test,2016-04,0.00,10.26,http://wilson.ci.chef.co/job/chef-compliance-test/
chef-compliance-test,2016-05,0.00,10.38,http://wilson.ci.chef.co/job/chef-compliance-test/
chef-compliance-test,2016-06,0.00,11.34,http://wilson.ci.chef.co/job/chef-compliance-test/
chef-compliance-test,2016-07,0.00,0.00,http://wilson.ci.chef.co/job/chef-compliance-test/
chef-compliance-trigger-ad_hoc,2015-12,7.10,67.91,http://wilson.ci.chef.co/job/chef-compliance-trigger-ad_hoc/
chef-compliance-trigger-ad_hoc,2016-01,0.00,111.42,http://wilson.ci.chef.co/job/chef-compliance-trigger-ad_hoc/
chef-compliance-trigger-ad_hoc,2016-02,1.22,91.97,http://wilson.ci.chef.co/job/chef-compliance-trigger-ad_hoc/
chef-compliance-trigger-ad_hoc,2016-03,1.08,35.33,http://wilson.ci.chef.co/job/chef-compliance-trigger-ad_hoc/
chef-compliance-trigger-ad_hoc,2016-04,0.00,0.00,http://wilson.ci.chef.co/job/chef-compliance-trigger-ad_hoc/
chef-compliance-trigger-ad_hoc,2016-05,0.00,145.20,http://wilson.ci.chef.co/job/chef-compliance-trigger-ad_hoc/
chef-compliance-trigger-ad_hoc,2016-06,0.00,0.00,http://wilson.ci.chef.co/job/chef-compliance-trigger-ad_hoc/
chef-compliance-trigger-ad_hoc,2016-07,0.00,0.00,http://wilson.ci.chef.co/job/chef-compliance-trigger-ad_hoc/
chef-compliance-trigger-release,2015-12,0.05,82.68,http://wilson.ci.chef.co/job/chef-compliance-trigger-release/
chef-compliance-trigger-release,2016-01,0.09,35.93,http://wilson.ci.chef.co/job/chef-compliance-trigger-release/
chef-compliance-trigger-release,2016-02,2.58,47.25,http://wilson.ci.chef.co/job/chef-compliance-trigger-release/
chef-compliance-trigger-release,2016-03,26.11,0.00,http://wilson.ci.chef.co/job/chef-compliance-trigger-release/
chef-compliance-trigger-release,2016-04,29.00,0.00,http://wilson.ci.chef.co/job/chef-compliance-trigger-release/
chef-compliance-trigger-release,2016-05,30.00,0.00,http://wilson.ci.chef.co/job/chef-compliance-trigger-release/
chef-compliance-trigger-release,2016-06,29.00,0.00,http://wilson.ci.chef.co/job/chef-compliance-trigger-release/
chef-compliance-trigger-release,2016-07,28.11,0.00,http://wilson.ci.chef.co/job/chef-compliance-trigger-release/
chef-manage-trigger-ad_hoc,2016-01,14.32,98.15,http://wilson.ci.chef.co/job/chef-manage-trigger-ad_hoc/
chef-manage-trigger-ad_hoc,2016-02,1.04,180.38,http://wilson.ci.chef.co/job/chef-manage-trigger-ad_hoc/
chef-manage-trigger-ad_hoc,2016-03,0.00,148.76,http://wilson.ci.chef.co/job/chef-manage-trigger-ad_hoc/
chef-manage-trigger-ad_hoc,2016-04,7.21,63.38,http://wilson.ci.chef.co/job/chef-manage-trigger-ad_hoc/
chef-manage-trigger-ad_hoc,2016-05,0.00,110.82,http://wilson.ci.chef.co/job/chef-manage-trigger-ad_hoc/
chef-manage-trigger-ad_hoc,2016-06,1.14,99.95,http://wilson.ci.chef.co/job/chef-manage-trigger-ad_hoc/
chef-manage-trigger-ad_hoc,2016-07,0.07,88.02,http://wilson.ci.chef.co/job/chef-manage-trigger-ad_hoc/
chef-manage-trigger-git_poll,2015-12,0.00,79.10,http://wilson.ci.chef.co/job/chef-manage-trigger-git_poll/
chef-manage-trigger-git_poll,2016-01,0.00,85.90,http://wilson.ci.chef.co/job/chef-manage-trigger-git_poll/
chef-manage-trigger-git_poll,2016-02,0.00,97.40,http://wilson.ci.chef.co/job/chef-manage-trigger-git_poll/
chef-manage-trigger-git_poll,2016-03,0.00,142.35,http://wilson.ci.chef.co/job/chef-manage-trigger-git_poll/
chef-manage-trigger-git_poll,2016-04,0.00,105.59,http://wilson.ci.chef.co/job/chef-manage-trigger-git_poll/
chef-manage-trigger-git_poll,2016-05,0.00,0.00,http://wilson.ci.chef.co/job/chef-manage-trigger-git_poll/
chef-manage-trigger-git_poll,2016-06,1.02,90.84,http://wilson.ci.chef.co/job/chef-manage-trigger-git_poll/
chef-manage-trigger-git_poll,2016-07,4.98,74.85,http://wilson.ci.chef.co/job/chef-manage-trigger-git_poll/
chef-manage-trigger-nightly-master,2015-12,0.00,69.92,http://wilson.ci.chef.co/job/chef-manage-trigger-nightly-master/
chef-manage-trigger-nightly-master,2016-01,5.12,130.13,http://wilson.ci.chef.co/job/chef-manage-trigger-nightly-master/
chef-manage-trigger-nightly-master,2016-02,5.62,180.12,http://wilson.ci.chef.co/job/chef-manage-trigger-nightly-master/
chef-manage-trigger-nightly-master,2016-03,7.17,181.60,http://wilson.ci.chef.co/job/chef-manage-trigger-nightly-master/
chef-manage-trigger-nightly-master,2016-04,8.52,197.68,http://wilson.ci.chef.co/job/chef-manage-trigger-nightly-master/
chef-manage-trigger-nightly-master,2016-05,2.05,180.95,http://wilson.ci.chef.co/job/chef-manage-trigger-nightly-master/
chef-manage-trigger-nightly-master,2016-06,1.12,189.67,http://wilson.ci.chef.co/job/chef-manage-trigger-nightly-master/
chef-manage-trigger-nightly-master,2016-07,8.10,197.01,http://wilson.ci.chef.co/job/chef-manage-trigger-nightly-master/
chef-manage-trigger-release,2016-01,0.00,87.75,http://wilson.ci.chef.co/job/chef-manage-trigger-release/
chef-manage-trigger-release,2016-02,0.00,0.00,http://wilson.ci.chef.co/job/chef-manage-trigger-release/
chef-manage-trigger-release,2016-03,0.00,66.95,http://wilson.ci.chef.co/job/chef-manage-trigger-release/
chef-manage-trigger-release,2016-04,0.00,112.41,http://wilson.ci.chef.co/job/chef-manage-trigger-release/
chef-manage-trigger-release,2016-05,4.32,0.00,http://wilson.ci.chef.co/job/chef-manage-trigger-release/
chef-manage-trigger-release,2016-06,14.03,95.53,http://wilson.ci.chef.co/job/chef-manage-trigger-release/
chef-manage-trigger-release,2016-07,0.00,79.72,http://wilson.ci.chef.co/job/chef-manage-trigger-release/
chef-marketplace-trigger-ad_hoc,2015-12,9.08,78.17,http://wilson.ci.chef.co/job/chef-marketplace-trigger-ad_hoc/
chef-marketplace-trigger-ad_hoc,2016-01,0.00,97.94,http://wilson.ci.chef.co/job/chef-marketplace-trigger-ad_hoc/
chef-marketplace-trigger-ad_hoc,2016-02,0.00,186.88,http://wilson.ci.chef.co/job/chef-marketplace-trigger-ad_hoc/
chef-marketplace-trigger-ad_hoc,2016-03,0.84,133.77,http://wilson.ci.chef.co/job/chef-marketplace-trigger-ad_hoc/
chef-marketplace-trigger-ad_hoc,2016-04,1.01,90.13,http://wilson.ci.chef.co/job/chef-marketplace-trigger-ad_hoc/
chef-marketplace-trigger-ad_hoc,2016-05,4.32,76.65,http://wilson.ci.chef.co/job/chef-marketplace-trigger-ad_hoc/
chef-marketplace-trigger-ad_hoc,2016-06,29.00,0.00,http://wilson.ci.chef.co/job/chef-marketplace-trigger-ad_hoc/
chef-marketplace-trigger-ad_hoc,2016-07,28.11,0.00,http://wilson.ci.chef.co/job/chef-marketplace-trigger-ad_hoc/
chef-marketplace-trigger-git_poll,2015-12,0.68,73.18,http://wilson.ci.chef.co/job/chef-marketplace-trigger-git_poll/
chef-marketplace-trigger-git_poll,2016-01,5.30,107.37,http://wilson.ci.chef.co/job/chef-marketplace-trigger-git_poll/
chef-marketplace-trigger-git_poll,2016-02,0.00,166.79,http://wilson.ci.chef.co/job/chef-marketplace-trigger-git_poll/
chef-marketplace-trigger-git_poll,2016-03,6.26,125.88,http://wilson.ci.chef.co/job/chef-marketplace-trigger-git_poll/
chef-marketplace-trigger-git_poll,2016-04,0.24,82.66,http://wilson.ci.chef.co/job/chef-marketplace-trigger-git_poll/
chef-marketplace-trigger-git_poll,2016-05,1.16,125.05,http://wilson.ci.chef.co/job/chef-marketplace-trigger-git_poll/
chef-marketplace-trigger-git_poll,2016-06,0.00,0.00,http://wilson.ci.chef.co/job/chef-marketplace-trigger-git_poll/
chef-marketplace-trigger-git_poll,2016-07,13.43,0.00,http://wilson.ci.chef.co/job/chef-marketplace-trigger-git_poll/
chef-marketplace-trigger-nightly-master,2015-12,5.00,66.57,http://wilson.ci.chef.co/job/chef-marketplace-trigger-nightly-master/
chef-marketplace-trigger-nightly-master,2016-01,4.08,132.68,http://wilson.ci.chef.co/job/chef-marketplace-trigger-nightly-master/
chef-marketplace-trigger-nightly-master,2016-02,4.30,228.64,http://wilson.ci.chef.co/job/chef-marketplace-trigger-nightly-master/
chef-marketplace-trigger-nightly-master,2016-03,5.14,191.11,http://wilson.ci.chef.co/job/chef-marketplace-trigger-nightly-master/
chef-marketplace-trigger-nightly-master,2016-04,5.21,194.66,http://wilson.ci.chef.co/job/chef-marketplace-trigger-nightly-master/
chef-marketplace-trigger-nightly-master,2016-05,8.05,177.23,http://wilson.ci.chef.co/job/chef-marketplace-trigger-nightly-master/
chef-marketplace-trigger-nightly-master,2016-06,2.06,181.42,http://wilson.ci.chef.co/job/chef-marketplace-trigger-nightly-master/
chef-marketplace-trigger-nightly-master,2016-07,14.67,185.74,http://wilson.ci.chef.co/job/chef-marketplace-trigger-nightly-master/
chef-marketplace-trigger-release,2016-01,0.00,115.77,http://wilson.ci.chef.co/job/chef-marketplace-trigger-release/
chef-marketplace-trigger-release,2016-02,0.00,278.13,http://wilson.ci.chef.co/job/chef-marketplace-trigger-release/
chef-marketplace-trigger-release,2016-03,0.13,75.83,http://wilson.ci.chef.co/job/chef-marketplace-trigger-release/
chef-marketplace-trigger-release,2016-04,0.00,72.62,http://wilson.ci.chef.co/job/chef-marketplace-trigger-release/
chef-marketplace-trigger-release,2016-05,0.00,69.73,http://wilson.ci.chef.co/job/chef-marketplace-trigger-release/
chef-marketplace-trigger-release,2016-06,0.00,0.00,http://wilson.ci.chef.co/job/chef-marketplace-trigger-release/
chef-marketplace-trigger-release,2016-07,0.00,0.00,http://wilson.ci.chef.co/job/chef-marketplace-trigger-release/
chef-server-12-build,2015-12,14.29,0.00,http://wilson.ci.chef.co/job/chef-server-12-build/
chef-server-12-build,2016-01,30.00,0.00,http://wilson.ci.chef.co/job/chef-server-12-build/
chef-server-12-build,2016-02,28.00,0.00,http://wilson.ci.chef.co/job/chef-server-12-build/
chef-server-12-build,2016-03,30.00,0.00,http://wilson.ci.chef.co/job/chef-server-12-build/
chef-server-12-build,2016-04,29.00,0.00,http://wilson.ci.chef.co/job/chef-server-12-build/
chef-server-12-build,2016-05,30.00,0.00,http://wilson.ci.chef.co/job/chef-server-12-build/
chef-server-12-build,2016-06,29.00,0.00,http://wilson.ci.chef.co/job/chef-server-12-build/
chef-server-12-build,2016-07,28.11,0.00,http://wilson.ci.chef.co/job/chef-server-12-build/
chef-server-12-fips-trigger-ad_hoc,2015-12,2.44,143.22,http://wilson.ci.chef.co/job/chef-server-12-fips-trigger-ad_hoc/
chef-server-12-fips-trigger-ad_hoc,2016-01,11.98,111.23,http://wilson.ci.chef.co/job/chef-server-12-fips-trigger-ad_hoc/
chef-server-12-fips-trigger-ad_hoc,2016-02,0.00,0.00,http://wilson.ci.chef.co/job/chef-server-12-fips-trigger-ad_hoc/
chef-server-12-fips-trigger-ad_hoc,2016-03,0.00,0.00,http://wilson.ci.chef.co/job/chef-server-12-fips-trigger-ad_hoc/
chef-server-12-fips-trigger-ad_hoc,2016-04,0.00,0.00,http://wilson.ci.chef.co/job/chef-server-12-fips-trigger-ad_hoc/
chef-server-12-fips-trigger-ad_hoc,2016-05,0.00,0.00,http://wilson.ci.chef.co/job/chef-server-12-fips-trigger-ad_hoc/
chef-server-12-fips-trigger-ad_hoc,2016-06,0.00,0.00,http://wilson.ci.chef.co/job/chef-server-12-fips-trigger-ad_hoc/
chef-server-12-fips-trigger-ad_hoc,2016-07,0.00,0.00,http://wilson.ci.chef.co/job/chef-server-12-fips-trigger-ad_hoc/
chef-server-12-fips-trigger-git_poll,2015-12,14.24,0.00,http://wilson.ci.chef.co/job/chef-server-12-fips-trigger-git_poll/
chef-server-12-fips-trigger-git_poll,2016-01,24.83,90.30,http://wilson.ci.chef.co/job/chef-server-12-fips-trigger-git_poll/
chef-server-12-fips-trigger-git_poll,2016-02,3.48,86.16,http://wilson.ci.chef.co/job/chef-server-12-fips-trigger-git_poll/
chef-server-12-fips-trigger-git_poll,2016-03,1.92,87.62,http://wilson.ci.chef.co/job/chef-server-12-fips-trigger-git_poll/
chef-server-12-fips-trigger-git_poll,2016-04,0.15,89.08,http://wilson.ci.chef.co/job/chef-server-12-fips-trigger-git_poll/
chef-server-12-fips-trigger-git_poll,2016-05,0.00,92.97,http://wilson.ci.chef.co/job/chef-server-12-fips-trigger-git_poll/
chef-server-12-fips-trigger-git_poll,2016-06,0.09,93.14,http://wilson.ci.chef.co/job/chef-server-12-fips-trigger-git_poll/
chef-server-12-fips-trigger-git_poll,2016-07,1.45,106.42,http://wilson.ci.chef.co/job/chef-server-12-fips-trigger-git_poll/
chef-server-12-trigger-ad_hoc,2015-12,11.93,1351.29,http://wilson.ci.chef.co/job/chef-server-12-trigger-ad_hoc/
chef-server-12-trigger-ad_hoc,2016-01,26.93,112.79,http://wilson.ci.chef.co/job/chef-server-12-trigger-ad_hoc/
chef-server-12-trigger-ad_hoc,2016-02,5.33,102.38,http://wilson.ci.chef.co/job/chef-server-12-trigger-ad_hoc/
chef-server-12-trigger-ad_hoc,2016-03,7.40,107.09,http://wilson.ci.chef.co/job/chef-server-12-trigger-ad_hoc/
chef-server-12-trigger-ad_hoc,2016-04,8.65,99.09,http://wilson.ci.chef.co/job/chef-server-12-trigger-ad_hoc/
chef-server-12-trigger-ad_hoc,2016-05,15.01,85.60,http://wilson.ci.chef.co/job/chef-server-12-trigger-ad_hoc/
chef-server-12-trigger-ad_hoc,2016-06,26.28,98.22,http://wilson.ci.chef.co/job/chef-server-12-trigger-ad_hoc/
chef-server-12-trigger-ad_hoc,2016-07,18.32,118.07,http://wilson.ci.chef.co/job/chef-server-12-trigger-ad_hoc/
chef-server-12-trigger-git_poll,2015-12,6.13,113.74,http://wilson.ci.chef.co/job/chef-server-12-trigger-git_poll/
chef-server-12-trigger-git_poll,2016-01,7.02,116.28,http://wilson.ci.chef.co/job/chef-server-12-trigger-git_poll/
chef-server-12-trigger-git_poll,2016-02,5.36,84.84,http://wilson.ci.chef.co/job/chef-server-12-trigger-git_poll/
chef-server-12-trigger-git_poll,2016-03,2.32,84.30,http://wilson.ci.chef.co/job/chef-server-12-trigger-git_poll/
chef-server-12-trigger-git_poll,2016-04,0.55,96.81,http://wilson.ci.chef.co/job/chef-server-12-trigger-git_poll/
chef-server-12-trigger-git_poll,2016-05,0.00,92.12,http://wilson.ci.chef.co/job/chef-server-12-trigger-git_poll/
chef-server-12-trigger-git_poll,2016-06,5.36,113.81,http://wilson.ci.chef.co/job/chef-server-12-trigger-git_poll/
chef-server-12-trigger-git_poll,2016-07,4.51,126.45,http://wilson.ci.chef.co/job/chef-server-12-trigger-git_poll/
chef-server-12-trigger-release,2016-01,0.00,132.00,http://wilson.ci.chef.co/job/chef-server-12-trigger-release/
chef-server-12-trigger-release,2016-02,0.00,150.37,http://wilson.ci.chef.co/job/chef-server-12-trigger-release/
chef-server-12-trigger-release,2016-03,0.00,114.22,http://wilson.ci.chef.co/job/chef-server-12-trigger-release/
chef-server-12-trigger-release,2016-04,0.00,165.85,http://wilson.ci.chef.co/job/chef-server-12-trigger-release/
chef-server-12-trigger-release,2016-05,0.00,0.00,http://wilson.ci.chef.co/job/chef-server-12-trigger-release/
chef-server-12-trigger-release,2016-06,0.15,153.25,http://wilson.ci.chef.co/job/chef-server-12-trigger-release/
chef-server-12-trigger-release,2016-07,0.00,95.22,http://wilson.ci.chef.co/job/chef-server-12-trigger-release/
chef-server-ha-provisioning-trigger-ad_hoc,2016-05,28.37,0.00,http://wilson.ci.chef.co/job/chef-server-ha-provisioning-trigger-ad_hoc/
chef-server-ha-provisioning-trigger-ad_hoc,2016-06,29.00,0.00,http://wilson.ci.chef.co/job/chef-server-ha-provisioning-trigger-ad_hoc/
chef-server-ha-provisioning-trigger-ad_hoc,2016-07,28.11,0.00,http://wilson.ci.chef.co/job/chef-server-ha-provisioning-trigger-ad_hoc/
chef-server-ha-provisioning-trigger-git_poll,2015-12,0.00,81.37,http://wilson.ci.chef.co/job/chef-server-ha-provisioning-trigger-git_poll/
chef-server-ha-provisioning-trigger-git_poll,2016-01,0.00,0.00,http://wilson.ci.chef.co/job/chef-server-ha-provisioning-trigger-git_poll/
chef-server-ha-provisioning-trigger-git_poll,2016-02,0.00,0.00,http://wilson.ci.chef.co/job/chef-server-ha-provisioning-trigger-git_poll/
chef-server-ha-provisioning-trigger-git_poll,2016-03,0.00,0.00,http://wilson.ci.chef.co/job/chef-server-ha-provisioning-trigger-git_poll/
chef-server-ha-provisioning-trigger-git_poll,2016-04,0.34,0.00,http://wilson.ci.chef.co/job/chef-server-ha-provisioning-trigger-git_poll/
chef-server-ha-provisioning-trigger-git_poll,2016-05,30.00,0.00,http://wilson.ci.chef.co/job/chef-server-ha-provisioning-trigger-git_poll/
chef-server-ha-provisioning-trigger-git_poll,2016-06,29.00,0.00,http://wilson.ci.chef.co/job/chef-server-ha-provisioning-trigger-git_poll/
chef-server-ha-provisioning-trigger-git_poll,2016-07,28.11,0.00,http://wilson.ci.chef.co/job/chef-server-ha-provisioning-trigger-git_poll/
delivery-build,2016-04,1.01,44.47,http://wilson.ci.chef.co/job/delivery-build/
delivery-build,2016-05,3.54,45.52,http://wilson.ci.chef.co/job/delivery-build/
delivery-build,2016-06,1.85,47.88,http://wilson.ci.chef.co/job/delivery-build/
delivery-build,2016-07,0.86,48.99,http://wilson.ci.chef.co/job/delivery-build/
delivery-test,2016-04,0.00,7.51,http://wilson.ci.chef.co/job/delivery-test/
delivery-test,2016-05,0.00,7.65,http://wilson.ci.chef.co/job/delivery-test/
delivery-test,2016-06,0.00,7.79,http://wilson.ci.chef.co/job/delivery-test/
delivery-test,2016-07,0.29,7.82,http://wilson.ci.chef.co/job/delivery-test/
delivery-trigger-ad_hoc,2016-03,12.18,0.00,http://wilson.ci.chef.co/job/delivery-trigger-ad_hoc/
delivery-trigger-ad_hoc,2016-04,15.53,75.62,http://wilson.ci.chef.co/job/delivery-trigger-ad_hoc/
delivery-trigger-ad_hoc,2016-05,1.81,93.76,http://wilson.ci.chef.co/job/delivery-trigger-ad_hoc/
delivery-trigger-ad_hoc,2016-06,5.28,75.96,http://wilson.ci.chef.co/job/delivery-trigger-ad_hoc/
delivery-trigger-ad_hoc,2016-07,0.00,63.78,http://wilson.ci.chef.co/job/delivery-trigger-ad_hoc/
opscode-push-jobs-server-trigger-ad_hoc,2016-07,7.92,138.21,http://wilson.ci.chef.co/job/opscode-push-jobs-server-trigger-ad_hoc/
opscode-push-jobs-server-trigger-git_poll,2016-07,9.76,131.12,http://wilson.ci.chef.co/job/opscode-push-jobs-server-trigger-git_poll/
opscode-push-jobs-server-trigger-nightly-master,2016-07,8.82,230.50,http://wilson.ci.chef.co/job/opscode-push-jobs-server-trigger-nightly-master/
opscode-push-jobs-server-trigger-release,2016-07,0.68,70.48,http://wilson.ci.chef.co/job/opscode-push-jobs-server-trigger-release/
opscode-reporting-trigger-ad_hoc,2015-12,4.92,43.80,http://wilson.ci.chef.co/job/opscode-reporting-trigger-ad_hoc/
opscode-reporting-trigger-ad_hoc,2016-01,1.77,49.90,http://wilson.ci.chef.co/job/opscode-reporting-trigger-ad_hoc/
opscode-reporting-trigger-ad_hoc,2016-02,0.00,0.00,http://wilson.ci.chef.co/job/opscode-reporting-trigger-ad_hoc/
opscode-reporting-trigger-ad_hoc,2016-03,13.16,0.00,http://wilson.ci.chef.co/job/opscode-reporting-trigger-ad_hoc/
opscode-reporting-trigger-ad_hoc,2016-04,8.26,115.32,http://wilson.ci.chef.co/job/opscode-reporting-trigger-ad_hoc/
opscode-reporting-trigger-ad_hoc,2016-05,0.00,46.15,http://wilson.ci.chef.co/job/opscode-reporting-trigger-ad_hoc/
opscode-reporting-trigger-ad_hoc,2016-06,0.00,39.28,http://wilson.ci.chef.co/job/opscode-reporting-trigger-ad_hoc/
opscode-reporting-trigger-ad_hoc,2016-07,1.22,50.18,http://wilson.ci.chef.co/job/opscode-reporting-trigger-ad_hoc/
opscode-reporting-trigger-git_poll,2015-12,0.00,53.40,http://wilson.ci.chef.co/job/opscode-reporting-trigger-git_poll/
opscode-reporting-trigger-git_poll,2016-01,0.00,62.87,http://wilson.ci.chef.co/job/opscode-reporting-trigger-git_poll/
opscode-reporting-trigger-git_poll,2016-02,0.00,0.00,http://wilson.ci.chef.co/job/opscode-reporting-trigger-git_poll/
opscode-reporting-trigger-git_poll,2016-03,0.00,0.00,http://wilson.ci.chef.co/job/opscode-reporting-trigger-git_poll/
opscode-reporting-trigger-git_poll,2016-04,9.19,0.00,http://wilson.ci.chef.co/job/opscode-reporting-trigger-git_poll/
opscode-reporting-trigger-git_poll,2016-05,3.74,47.91,http://wilson.ci.chef.co/job/opscode-reporting-trigger-git_poll/
opscode-reporting-trigger-git_poll,2016-06,0.00,0.00,http://wilson.ci.chef.co/job/opscode-reporting-trigger-git_poll/
opscode-reporting-trigger-git_poll,2016-07,3.63,76.77,http://wilson.ci.chef.co/job/opscode-reporting-trigger-git_poll/
opscode-reporting-trigger-nightly-master,2015-12,5.29,77.83,http://wilson.ci.chef.co/job/opscode-reporting-trigger-nightly-master/
opscode-reporting-trigger-nightly-master,2016-01,21.04,79.22,http://wilson.ci.chef.co/job/opscode-reporting-trigger-nightly-master/
opscode-reporting-trigger-nightly-master,2016-02,5.04,80.93,http://wilson.ci.chef.co/job/opscode-reporting-trigger-nightly-master/
opscode-reporting-trigger-nightly-master,2016-03,27.61,80.92,http://wilson.ci.chef.co/job/opscode-reporting-trigger-nightly-master/
opscode-reporting-trigger-nightly-master,2016-04,23.45,148.45,http://wilson.ci.chef.co/job/opscode-reporting-trigger-nightly-master/
opscode-reporting-trigger-nightly-master,2016-05,8.12,146.10,http://wilson.ci.chef.co/job/opscode-reporting-trigger-nightly-master/
opscode-reporting-trigger-nightly-master,2016-06,21.53,147.54,http://wilson.ci.chef.co/job/opscode-reporting-trigger-nightly-master/
opscode-reporting-trigger-nightly-master,2016-07,22.13,154.10,http://wilson.ci.chef.co/job/opscode-reporting-trigger-nightly-master/
opscode-reporting-trigger-release,2015-12,16.32,38.83,http://wilson.ci.chef.co/job/opscode-reporting-trigger-release/
opscode-reporting-trigger-release,2016-01,19.72,47.12,http://wilson.ci.chef.co/job/opscode-reporting-trigger-release/
opscode-reporting-trigger-release,2016-02,0.00,0.00,http://wilson.ci.chef.co/job/opscode-reporting-trigger-release/
opscode-reporting-trigger-release,2016-03,0.00,0.00,http://wilson.ci.chef.co/job/opscode-reporting-trigger-release/
opscode-reporting-trigger-release,2016-04,0.00,0.00,http://wilson.ci.chef.co/job/opscode-reporting-trigger-release/
opscode-reporting-trigger-release,2016-05,0.00,75.43,http://wilson.ci.chef.co/job/opscode-reporting-trigger-release/
opscode-reporting-trigger-release,2016-06,0.00,0.00,http://wilson.ci.chef.co/job/opscode-reporting-trigger-release/
opscode-reporting-trigger-release,2016-07,0.00,0.00,http://wilson.ci.chef.co/job/opscode-reporting-trigger-release/
supermarket-build,2016-06,0.00,21.43,http://wilson.ci.chef.co/job/supermarket-build/
supermarket-build,2016-07,0.00,0.00,http://wilson.ci.chef.co/job/supermarket-build/
supermarket-trigger-ad_hoc,2015-12,2.12,133.33,http://wilson.ci.chef.co/job/supermarket-trigger-ad_hoc/
supermarket-trigger-ad_hoc,2016-01,0.00,128.72,http://wilson.ci.chef.co/job/supermarket-trigger-ad_hoc/
supermarket-trigger-ad_hoc,2016-02,0.00,99.09,http://wilson.ci.chef.co/job/supermarket-trigger-ad_hoc/
supermarket-trigger-ad_hoc,2016-03,0.00,122.78,http://wilson.ci.chef.co/job/supermarket-trigger-ad_hoc/
supermarket-trigger-ad_hoc,2016-04,3.91,117.74,http://wilson.ci.chef.co/job/supermarket-trigger-ad_hoc/
supermarket-trigger-ad_hoc,2016-05,0.67,130.85,http://wilson.ci.chef.co/job/supermarket-trigger-ad_hoc/
supermarket-trigger-ad_hoc,2016-06,0.00,111.20,http://wilson.ci.chef.co/job/supermarket-trigger-ad_hoc/
supermarket-trigger-ad_hoc,2016-07,0.00,154.83,http://wilson.ci.chef.co/job/supermarket-trigger-ad_hoc/
supermarket-trigger-git_poll,2015-12,0.00,65.99,http://wilson.ci.chef.co/job/supermarket-trigger-git_poll/
supermarket-trigger-git_poll,2016-01,3.45,55.52,http://wilson.ci.chef.co/job/supermarket-trigger-git_poll/
supermarket-trigger-git_poll,2016-02,3.03,88.46,http://wilson.ci.chef.co/job/supermarket-trigger-git_poll/
supermarket-trigger-git_poll,2016-03,0.00,52.17,http://wilson.ci.chef.co/job/supermarket-trigger-git_poll/
supermarket-trigger-git_poll,2016-04,0.00,71.60,http://wilson.ci.chef.co/job/supermarket-trigger-git_poll/
supermarket-trigger-git_poll,2016-05,0.00,73.06,http://wilson.ci.chef.co/job/supermarket-trigger-git_poll/
supermarket-trigger-git_poll,2016-06,2.97,132.00,http://wilson.ci.chef.co/job/supermarket-trigger-git_poll/
supermarket-trigger-git_poll,2016-07,0.85,86.06,http://wilson.ci.chef.co/job/supermarket-trigger-git_poll/
supermarket-trigger-nightly-master,2015-12,0.00,53.86,http://wilson.ci.chef.co/job/supermarket-trigger-nightly-master/
supermarket-trigger-nightly-master,2016-01,1.00,108.68,http://wilson.ci.chef.co/job/supermarket-trigger-nightly-master/
supermarket-trigger-nightly-master,2016-02,1.01,125.11,http://wilson.ci.chef.co/job/supermarket-trigger-nightly-master/
supermarket-trigger-nightly-master,2016-03,0.00,186.20,http://wilson.ci.chef.co/job/supermarket-trigger-nightly-master/
supermarket-trigger-nightly-master,2016-04,1.26,146.64,http://wilson.ci.chef.co/job/supermarket-trigger-nightly-master/
supermarket-trigger-nightly-master,2016-05,0.00,155.76,http://wilson.ci.chef.co/job/supermarket-trigger-nightly-master/
supermarket-trigger-nightly-master,2016-06,4.00,171.02,http://wilson.ci.chef.co/job/supermarket-trigger-nightly-master/
supermarket-trigger-nightly-master,2016-07,2.28,173.07,http://wilson.ci.chef.co/job/supermarket-trigger-nightly-master/
supermarket-trigger-release,2015-12,0.10,130.77,http://wilson.ci.chef.co/job/supermarket-trigger-release/
supermarket-trigger-release,2016-01,0.62,129.31,http://wilson.ci.chef.co/job/supermarket-trigger-release/
supermarket-trigger-release,2016-02,0.00,155.19,http://wilson.ci.chef.co/job/supermarket-trigger-release/
supermarket-trigger-release,2016-03,0.00,112.76,http://wilson.ci.chef.co/job/supermarket-trigger-release/
supermarket-trigger-release,2016-04,0.09,200.97,http://wilson.ci.chef.co/job/supermarket-trigger-release/
supermarket-trigger-release,2016-05,0.00,141.93,http://wilson.ci.chef.co/job/supermarket-trigger-release/
supermarket-trigger-release,2016-06,3.05,259.89,http://wilson.ci.chef.co/job/supermarket-trigger-release/
supermarket-trigger-release,2016-07,0.15,172.50,http://wilson.ci.chef.co/job/supermarket-trigger-release/
